{"nodes": [[[-1.0859980583190918, 0.7718241810798645, 0.5596968531608582, -1.4687131643295288, -1.2751531600952148, -1.0101377964019775, -1.6162538528442383, 2.6033315658569336, 2.0445303916931152, -1.5712239742279053, 1.9243873357772827, 2.7500548362731934, -0.7232868671417236, 1.694162368774414, -0.4429263472557068, -0.11838015913963318, -1.6029661893844604, 0.9901652336120605, 1.219774842262268, 0.7865082621574402, -0.009881893172860146, -0.08033726364374161, -1.499245285987854, 0.9421303868293762, 0.7954524755477905, -1.3325169086456299, 0.590017557144165, -0.08771323412656784, -0.24567382037639618, 0.9219725131988525, 0.9254424571990967, 1.28087317943573, 0.9607988595962524, 0.04745376855134964, 0.4527696371078491, -0.6040869355201721, -1.0358790159225464, -1.170873999595642, 1.2298986911773682, -0.15247602760791779, -0.08636048436164856, -0.8320830464363098, 1.3407447338104248, -2.6470284461975098, 0.43438589572906494, 1.153827428817749, 0.6254143118858337, 0.10388015955686569, 0.3436412513256073, 0.6133463382720947, -0.7641785144805908, -0.34897008538246155, -0.21202042698860168, 0.1664179116487503, -0.3638385832309723, 0.7569137811660767, 1.6315691471099854, -0.5740294456481934, 1.0380057096481323, -0.5965855717658997, -0.27459460496902466, -0.4403831958770752, 0.7745055556297302, 0.9146301746368408, -0.9746893644332886, 0.7082748413085938, -1.0841981172561646, 1.4958561658859253, -0.10028459876775742, 0.4455393850803375, 1.72934889793396, 2.774308443069458, 0.010031024925410748, 0.24433258175849915, 0.3866424560546875, 0.13389018177986145, -0.2886963188648224, 0.1425153613090515, 2.0341196060180664, 0.6550893187522888, 0.7905952334403992, -0.7410856485366821, 0.6738755106925964, -0.6632522940635681, -0.6501484513282776, 0.5730381011962891, 0.09181595593690872, 0.0297979936003685, 0.018999405205249786, 0.623969316482544, -0.34972578287124634, -1.2708297967910767, -1.008109450340271, -1.3216923475265503, -1.68710196018219, -1.4320920705795288, 0.9546355605125427, 0.6437721252441406, 0.44192251563072205, 1.6845344305038452]]], "z2_code": [[[-1.0859980583190918, 0.7718241810798645, 0.5596968531608582, -1.4687131643295288, -1.2751531600952148, -1.0101377964019775, -1.6162538528442383, 2.6033315658569336, 2.0445303916931152, -1.5712239742279053, 1.9243873357772827, 2.7500548362731934, -0.7232868671417236, 1.694162368774414, -0.4429263472557068, -0.11838015913963318, -1.6029661893844604, 0.9901652336120605, 1.219774842262268, 0.7865082621574402, -0.009881893172860146, -0.08033726364374161, -1.499245285987854, 0.9421303868293762, 0.7954524755477905, -1.3325169086456299, 0.590017557144165, -0.08771323412656784, -0.24567382037639618, 0.9219725131988525, 0.9254424571990967, 1.28087317943573, 0.9607988595962524, 0.04745376855134964, 0.4527696371078491, -0.6040869355201721, -1.0358790159225464, -1.170873999595642, 1.2298986911773682, -0.15247602760791779, -0.08636048436164856, -0.8320830464363098, 1.3407447338104248, -2.6470284461975098, 0.43438589572906494, 1.153827428817749, 0.6254143118858337, 0.10388015955686569, 0.3436412513256073, 0.6133463382720947, -0.7641785144805908, -0.34897008538246155, -0.21202042698860168, 0.1664179116487503, -0.3638385832309723, 0.7569137811660767, 1.6315691471099854, -0.5740294456481934, 1.0380057096481323, -0.5965855717658997, -0.27459460496902466, -0.4403831958770752, 0.7745055556297302, 0.9146301746368408, -0.9746893644332886, 0.7082748413085938, -1.0841981172561646, 1.4958561658859253, -0.10028459876775742, 0.4455393850803375, 1.72934889793396, 2.774308443069458, 0.010031024925410748, 0.24433258175849915, 0.3866424560546875, 0.13389018177986145, -0.2886963188648224, 0.1425153613090515, 2.0341196060180664, 0.6550893187522888, 0.7905952334403992, -0.7410856485366821, 0.6738755106925964, -0.6632522940635681, -0.6501484513282776, 0.5730381011962891, 0.09181595593690872, 0.0297979936003685, 0.018999405205249786, 0.623969316482544, -0.34972578287124634, -1.2708297967910767, -1.008109450340271, -1.3216923475265503, -1.68710196018219, -1.4320920705795288, 0.9546355605125427, 0.6437721252441406, 0.44192251563072205, 1.6845344305038452]]], "links": []}
